target,preds
0.24719744600000002,0.42273635
-0.861808583,-0.9838337
-0.95232462,-1.1578025
-3.081337118,-2.5444033
-2.145248365,-1.8738194
-1.400318025,-1.7394145
-0.495298635,-0.9357661
0.24580570899999998,0.080001175
-0.18818586399999998,-0.24515331
-1.28603909,-0.5928227
-1.126247781,-0.9476886
-1.009999064,-1.0043614
0.281178362,0.37813932
0.27820314100000004,-0.71398395
-2.3864848359999997,-1.8054053
0.633138503,-0.009351671
-0.146083426,-0.1724338
-1.314628766,-0.88235354
-1.4137438830000002,-0.9139378
-0.479830828,-0.65216434
0.404633391,0.3438608
-0.041920097999999996,0.31113917
0.8579268320000001,0.78071254
-1.292569679,-0.37884426
-0.13489299400000002,0.5167754
-0.13037452900000002,0.2741385
-1.059970759,-0.9054779
-0.58635946,-0.46855485
-1.9264220490000001,-1.5086617
0.277144328,-0.3191836
-1.014199763,-0.9524598
-0.7466154209999999,-0.63330925
-0.462051139,0.03448707
-0.371471833,-0.79504967
-1.621394692,-1.3548361
0.08814816,-0.30834848
-0.209570237,0.16541463
-1.857994444,-1.5776775
-0.715517237,-0.6846556
-1.156364261,-0.22109431
-0.542735004,-0.48782587
-0.013470524,-0.016945899
-0.609884124,-0.27007025
1.039927275,0.4465893
-0.286843482,-0.18808836
-0.8839095920000001,-0.6742653
-1.570217995,-1.5797307
-1.9681000780000002,-1.5894009
-0.506932291,-0.41431338
0.288984342,-0.14887798
-1.1020824759999999,-0.5610754
-0.7628050670000001,-0.9831264
-0.416734159,-0.4599024
-1.515342423,-1.2062975
-1.378839273,-1.424147
-0.684945065,-0.36670893
-0.477948265,-0.2732851
-0.508062794,-0.58225495
-0.525784067,-0.9982645
-1.221284385,-0.9368703
-0.098809527,0.26405782
-1.696766222,-1.6949657
-1.6221317690000001,-1.3360221
0.061007467999999995,0.4466645
-1.972670519,-2.1022406
-1.00707269,-0.5336761
-1.289408299,-0.9061323
-1.236415384,-1.0033318
0.0,-0.23911935
-0.25410312399999996,-0.2976038
-0.282044397,-0.052598596
-1.642969499,-1.5579877
-1.937949286,-1.4312873
-0.216514978,-0.3874991
-1.4926489090000001,-1.3140395
-0.206408222,-0.31489676
-1.702971145,-1.0466226
-2.315611548,-2.0603461
-0.235148658,0.050652087
-1.679509559,-1.5284793
-0.451994374,-0.3999225
-0.093604041,-0.54078007
-0.365378816,-0.40682715
-0.6903078840000001,-0.8439516
-2.461999582,-2.2477424
-1.186614667,-1.3127279
-0.007393824,-0.26557517
-2.62550662,-1.925437
-2.457151723,-1.4960617
-0.951697208,-0.5071099
-0.6467511020000001,-1.2334256
-0.36066138,-0.27808946
-0.8394347240000001,-0.84691286
-1.035478244,-1.1108353
-0.44031321100000004,-0.4754175
-1.2466535090000002,-1.6532679
-0.887361895,-1.0560622
-1.008790802,-0.97870916
-2.1889146580000003,-2.3383825
-1.713306482,-1.4247477
-0.85532196,-0.5520066
-1.556397958,-1.4737825
-1.034282779,-1.68414
-1.143987806,-1.0702996
-0.455012507,0.05992824
-0.610791351,-1.2322912
-0.129115374,-0.5934505
-1.033506428,-0.89962226
0.877184835,0.9525946
-0.714561333,0.08541781
-1.333634907,-1.0249397
-0.548446675,0.06678563
-1.083722413,-1.3265803
-1.215512674,-0.6910517
-1.16337267,-1.6545637
-0.492691685,-0.2803293
-0.290306006,0.012346506
-1.5578101640000002,-1.4731985
-1.160410121,-0.76975965
-0.14670831,0.24983686
-0.889420014,-1.1369263
-2.056437688,-1.9910276
-0.28099387800000003,-0.39253402
-0.74845172,-0.59261775
-1.740491482,-1.6862272
0.938783027,0.26426846
-0.282288378,-0.72264636
-0.960598135,-1.1856439
-1.4636078680000002,-1.5056243
-0.727449806,-1.0759029
0.06258012,0.07953435
-1.880072943,-2.0637512
-0.795230717,-1.4016577
-1.617710055,-1.2430035
-1.07873501,-0.910816
-2.415774514,-2.1544259
-1.1152114709999998,-1.1024281
-1.2584976620000001,-1.494308
-2.048224387,-2.3807108
-1.3026876059999999,-1.29371
-0.7140087559999999,-1.0196413
-1.541347178,-1.0406766
-2.054283749,-1.1318696
-0.852108946,-0.8904744
-0.68799695,-0.75179845
-0.114236961,-0.8314133
-0.9781166570000001,-1.2067401
-1.258051132,-0.75294226
-0.994652967,-0.712225
-1.0766235240000002,-1.1148578
-2.058022647,-0.8192423
-2.641977952,-2.5304947
-0.888960128,-0.99103075
-0.56108449,-1.09588
-0.426813005,-0.8513167
-1.1018626759999999,-1.3774227
-0.095749985,0.3291313
0.624751002,0.5499912
0.6879052929999999,0.53285426
-0.406253077,2.1457672e-05
-1.669863846,-1.1577772
-1.634185368,-1.3650901
-1.719895591,-1.5941486
-2.11226356,-1.6733205
-0.38658731,-0.15016145
-1.5618005609999999,-1.1703098
-1.157269036,-1.1896334
-1.589571686,-2.0540977
-0.6524211120000001,-0.84745026
-2.1926883530000003,-2.619375
-0.841114385,-1.1235846
-0.541982061,-0.5570105
-1.238431716,-1.876217
-1.672911306,-1.5379837
-1.213193054,-0.71263766
-1.3141400090000002,-1.4761748
-1.959472481,-1.9988034
-1.782989643,-1.6068916
-0.273238231,-0.95891684
-1.277544064,-1.7713257
-0.7550335509999999,-0.9619389
-0.9883855290000001,-1.0771166
-0.11369393400000001,0.02977842
-1.280788834,-1.0036719
0.411471026,-0.15425193
-1.4313810219999998,-1.1154675
-1.653130604,-1.5056359
-1.8099571280000002,-2.1656485
-2.085060117,-2.6556528
-0.19903241300000002,0.19543666
0.025170897999999997,0.07858354
-1.4136988380000002,-1.4200387
-2.536904911,-2.0270436
-2.027056522,-2.2183867
-2.176054735,-2.070635
0.9065262340000001,0.6538134
-0.240680292,-0.42454183
-0.8017068759999999,-1.2692059
-1.493984206,-1.7780086
-0.9660476570000001,-0.9463811
-2.1404502819999998,-2.2319405
-1.8394746180000001,-2.1703308
-0.937832595,-0.50826
-2.296675509,-2.358731
-2.5247904180000003,-2.386979
-0.822943305,-0.39905834
-1.488918252,-2.0045311
-1.150423852,-1.1164733
-1.1626638809999998,-1.1894522
-1.5403972030000002,-1.5385976
-1.8355893630000002,-2.1550548
-0.10236821,-0.4490732
0.075708395,-0.075511396
-2.19510939,-1.9906604
-1.7184457519999998,-1.4267743
0.3281442,0.6132389
-2.3760213169999997,-2.3399086
-1.5339709259999998,-1.5034678
-0.403295095,-0.8269216
-1.652186861,-1.7048335
-2.989178994,-2.4720418
-3.4135158530000003,-3.5156784
-0.36109813,-1.1752669
-2.1604606669999997,-2.4064214
0.14655572,-0.13757586
-0.35118288,-0.65982044
-0.200118712,0.045908153
-0.539375362,-0.8371726
-3.1371432610000003,-2.6091504
-0.849320333,-1.3254062
-1.684291865,-1.5459156
-0.829604039,-1.1598957
-0.515114516,-0.2212376
-0.014712066000000001,0.23220962
-1.380826715,-1.9974933
-0.748301687,-0.43411106
-0.518625175,0.04286307
-1.841355836,-0.7516647
-2.486377231,-1.8891258
-1.397337222,-1.3115755
-1.0749877209999998,-0.7838564
-3.123761608,-2.7510362
-0.8739068109999999,-1.0222878
-0.625072461,-0.21751708
-1.15589416,-1.3892751
-1.981132405,-2.0074604
-1.493906454,-2.0407448
-1.5037883509999999,-1.2126535
0.766250821,0.7541179
-1.134245897,-1.4256148
-0.732070942,-0.87395453
-0.741878369,-0.09435761
-1.008548435,-1.3511163
0.131890683,-0.17169267
-0.281876326,-0.5619466
-0.616799879,-0.8144933
-1.874572871,-2.0052984
-1.57315016,-2.0842211
-0.7058255170000001,-0.92327166
-1.270939427,-1.9107772
0.154878577,0.36910456
-1.795182698,-1.2611545
-0.034310631,-0.2833845
-1.266894527,-1.4723283
0.185004067,0.2574368
-2.109452869,-2.366802
-0.630143391,-0.52985966
-0.262953834,-0.6861925
-0.286442912,0.15858191
-1.11505142,-0.7434741
-1.164143627,-1.0067824
-2.273766532,-2.1777253
-1.414318496,-1.3140835
-0.550844284,-1.0851994
-0.090667761,0.16093475
-1.073497469,-1.1394037
-0.183396499,-0.9289463
-1.9393652780000001,-1.0782064
-0.279002052,0.02485019
-0.10665716800000001,-0.034303308
-0.5675447060000001,-1.2071403
-0.870117303,-0.589084
0.00942841,0.07016045
-1.314832607,-1.5164254
-1.3693117330000002,-1.0716382
-0.670190986,-0.18838751
0.15532111,-0.04862815
-0.133798219,0.2678278
-1.0465277309999999,-0.9795957
0.348012868,0.33892292
-0.376403238,0.019445598
-0.53217563,-0.6228666
-2.366802097,-2.2745268
0.347466115,0.6609768
-0.40013408200000006,-0.005759716
-0.621404507,-0.6526687
-3.2955761010000004,-3.146492
-0.73102331,-1.4966131
-2.451063403,-2.2843485
-0.014684677,0.052029192
-0.531309028,-0.4739806
-0.9772618890000001,-0.5881219
0.543572822,0.6734763
-0.398495737,-0.3693809
-0.686426975,-0.57787347
0.44310066299999995,0.12423676
-1.255921325,-1.2855691
-1.681361062,-2.2201262
0.472264158,0.47245032
0.254812169,-0.09612453
-2.425235133,-1.5867419
-1.981244288,-2.3238716
-3.031543857,-2.238078
-2.11469151,-2.524025
-1.56499948,-0.7713936
-3.549190203,-3.5621946
-1.7198424769999998,-2.1768289
-0.5586168460000001,-0.9371316
-0.518584635,-1.1279669
-1.4530479930000002,-1.687773
-0.6555520979999999,-1.3776671
-1.6251413,-1.974441
-2.098193776,-2.0920231
-0.68030937,-0.47920814
-0.049815443,-0.62255263
-2.119294409,-1.8731575
-0.086804588,0.19787437
-0.171100842,-0.42141122
0.3513912,-0.008918464
-0.574590947,-0.4042818
-2.209590083,-1.7184639
-1.433352744,-1.4613731
-2.550370827,-2.1424942
-0.49434772,-0.1545009
0.049662064000000006,-0.111646354
-1.869676686,-2.0866394
-2.670400661,-2.331767
-0.236141283,-0.7302466
-0.641551836,-0.9766185
0.057474515999999996,-0.61080915
-1.204063046,-1.1844747
0.8663298009999999,0.6465097
-0.049885402,-0.048797786
-2.176638474,-2.1844807
-0.7084837270000001,-0.68138456
-1.480922784,-1.5179052
-1.348816209,-1.2928498
-2.276119978,-1.9843614
-0.537256206,-0.68650174
-2.516032203,-2.4396863
-2.3370277980000003,-1.981729
-1.4100707469999998,-1.8315831
-0.6413322029999999,-0.6857287
-1.961218774,-2.193946
0.036622032,0.051555455
0.844974076,0.42525178
-0.173404195,-0.38790715
-1.4749373559999999,-1.8040445
0.33789777200000004,0.23922485
-2.312680565,-2.1430876
0.5825860660000001,0.44081634
-0.142303129,0.058997452
-0.39411603100000003,-0.1895073
-2.241481592,-2.4870088
0.922598578,1.1615708
-2.098625275,-1.5657843
-0.344269809,-0.9977533
-0.878020998,-0.08126557
-1.2779499570000001,-1.5762565
-1.457473562,-1.5800921
0.20725867,0.24114984
-1.441185956,-1.464056
-0.698003989,-0.6203675
-2.215148883,-2.3760333
-1.479471819,-1.8041205
0.488056427,0.5997332
-1.683761536,-1.6480525
-0.7576071529999999,-0.7387063
-0.09500426599999999,-0.0008749962
0.08280077799999999,-0.3278944
-0.19536495899999998,-0.2921489
0.011813763,-0.27514678
-0.432472085,-0.46337903
-1.417432918,-1.0215814
0.323425373,0.1889115
-0.827983792,-0.93751496
-1.067677743,-1.0010318
-2.601398503,-2.5745661
-1.979797604,-1.7349616
-1.7215822330000001,-1.5660063
0.49842990200000004,0.7395008
-3.0515245280000003,-2.4091141
-2.652384117,-2.5106707
-2.864956753,-2.6171145
-1.451768512,-1.710259
-1.612461057,-1.2405475
-0.302916244,-0.81673235
-1.7173297840000001,-1.2292185
-2.088891083,-1.5404694
-0.202360343,-0.4544683
-0.8006733559999999,-0.6600262
-0.838837134,-1.4455734
0.09869320699999999,-0.41523802
-1.893606415,-1.3244758
0.053523571,0.24534565
-1.7772443230000001,-1.7269721
-1.2847128490000002,-1.3702496
-0.45173624799999995,-0.018481374
-0.204233477,-1.3561159
0.843423217,0.49959785
0.39033367399999996,0.28998834
0.40496417,0.6501486
-2.232322583,-1.6016529
-1.016749845,-0.56332433
-0.790763483,-0.9426029
-0.547254201,-0.49000657
-1.758081302,-1.1787403
-0.26086794399999996,-0.15812343
-0.14072341800000002,-0.15497822
-0.681241428,-0.441185
-1.097923263,-1.1470335
1.079362146,0.80956894
-1.009732977,-1.5087737
-1.0782375929999999,-0.90684044
0.16935606600000003,0.10615033
0.228542017,0.28519517
-0.120578597,0.28547317
-0.7920716440000001,-0.99369425
0.555299059,0.51313967
-0.650477293,-0.6504072
0.900302169,0.7528805
0.624396241,0.7633428
-0.5962579370000001,-0.9412523
1.0709875359999999,0.510668
-2.261028038,-2.491408
-0.352036526,-0.10520077
-0.169105333,0.06188494
-0.075289783,0.25056726
-0.31706137300000004,-0.48866907
-0.4603042,-0.5720204
-0.7434351359999999,-0.3391888
-1.140224065,-1.001785
-0.569249053,-0.7006985
0.389075757,0.38158816
-0.802163794,-0.4958187
-1.134926912,-1.1058328
-0.41667149700000006,-0.972133
-0.024195137999999998,-0.4144777
-1.342652384,-1.4267545
-0.64364403,-0.503145
-0.887465518,-0.4367004
-1.063582485,-0.7556914
-0.309605294,-0.06822848
0.716514663,0.30607277
-1.586580457,-1.3888603
1.020308011,-0.041386247
-0.594404653,0.031888783
-1.179180106,-0.54521286
-0.257776264,-0.16719407
-0.371879498,-0.1663515
0.850392143,0.979675
0.357384606,0.77644044
-2.1991863030000003,-1.2616233
0.487495265,0.7276233
0.005085636,-0.1530515
-0.984640437,-0.4303763
-1.644198296,-1.599457
-0.14668009199999998,0.11149675
-0.556069951,-0.83367646
0.700117443,0.8017934
-0.43635162899999996,-0.9624908
-0.8482350329999999,-0.86318535
-0.976150327,-0.7588123
-0.06282267400000001,-0.18013763
-1.67757638,-0.680201
-1.9053861319999998,-2.0641403
-1.520401466,-1.8566031
-1.154857171,-0.68788767
0.861479827,0.22081214
-0.20307852899999998,-0.38485694
0.28180950899999996,0.58840984
0.071003186,0.31813163
-1.4223531669999998,-1.2318114
-2.599810686,-1.9879949
-1.374425975,-1.6845083
-0.346156966,-0.4182496
-0.283326643,0.30673128
1.088497136,0.96054107
-2.451886841,-2.0649922
0.0214596,0.3401944
0.129346895,0.17457908
-0.465615248,-0.10115528
-1.527416846,-0.5559331
0.5232301570000001,0.5645214
-0.9286604509999999,-0.49949265
0.17155279399999998,-0.02533269
-0.902859765,-0.7778287
-0.528970635,0.06948632
-2.1342979509999997,-2.5435982
0.23168906399999997,0.2674108
0.779653259,0.26936966
-0.544475948,-0.7186367
-0.552166718,-0.56562054
-0.589643764,-0.8890264
-0.650322956,-0.9618981
-0.291865363,0.06989354
-2.0238889159999998,-1.5091574
-1.2391337070000001,-1.0865266
0.810874254,0.64255434
-0.563904647,-0.32962352
0.946567567,0.66856164
0.627618676,-0.33802533
-1.725606079,-1.1637853
0.034710132000000005,-0.12281239
0.642449351,-0.045257032
-0.6189873020000001,-0.451365
0.918885563,0.35570842
-1.395231365,-0.9856206
-0.567156181,-0.24474454
-0.647143875,-0.96995664
0.348589053,-0.055418074
-0.041010564,0.023510933
0.108476405,0.14064258
-1.056268572,-0.07044858
-0.150425549,0.06553751
-1.5691260230000001,-1.2030889
0.330810305,0.49957305
-1.363978683,-1.0211451
0.070826688,-0.12181461
0.684207676,0.4621089
-0.879313861,-0.56891155
-0.5103273229999999,-0.21793616
0.35680087299999996,0.5044647
-0.786118758,-0.5681331
-2.457555647,-2.4834604
-1.077825512,-0.7465664
-0.40786566799999996,-0.051214516
-0.651453846,-0.4188217
-0.631701701,-1.0336764
-0.388758647,-0.28811628
-0.11988797300000001,0.2083618
-0.122770289,0.23779291
-0.7432738329999999,-0.33159977
0.253266589,0.3066377
0.220640262,0.15609819
1.2229014740000002,0.7769211
0.408821311,0.5724872
1.0190091890000001,0.46702832
-2.116397617,-2.0795474
-0.256244635,0.26773137
-1.214881253,-0.9783638
0.46904376799999997,-0.12313694
-0.40654094700000004,0.097381055
-0.639122344,-0.30619532
0.14587873699999998,0.17218465
-2.629611905,-2.0960994
-0.7229620790000001,-0.36469752
0.031524593999999996,-0.19155234
-0.954180142,-0.7822746
0.230335717,0.80234605
0.220971467,0.75781804
-0.6052157020000001,0.24468988
0.43742285200000003,0.15121633
-0.26013064,-0.29486918
-0.315739242,0.015098989
-0.129758457,0.21368665
0.111872653,0.18630093
-0.883537828,-0.28388375
0.925734335,0.71076125
1.01346899,0.7316591
0.019739515,0.21814698
0.6722925959999999,0.34091932
-0.101555009,0.44455868
-2.307657979,-2.0630443
-0.078677586,0.49107498
-0.897239358,-0.89288926
-1.385954048,-1.0254211
-2.307499375,-2.0550313
-1.12417843,-0.8253196
-0.592005772,-0.53931487
-1.0453398740000002,-1.2957656
-2.319747409,-2.1584485
-0.453465075,0.040765464
0.435490337,0.30394155
-0.898352605,-0.5966533
-0.6559581329999999,-0.8455622
0.790704112,0.5198595
-0.986988435,-1.2950974
-0.8528521720000001,-0.8146866
-1.178376039,-0.94316906
-0.674413444,-0.72377086
-0.699823548,-0.4551736
-0.78354654,-0.71822953
0.274767866,0.0052993894
-0.7037289409999999,-0.6046728
0.227246688,-0.28783995
0.7489554890000001,0.48834127
-0.100796346,0.07481676
-0.716442767,-0.87369645
-0.9285424520000001,-0.5120951
0.081029242,-0.010140955
-1.741490658,-1.4077488
0.160049511,0.21287888
0.030959163999999997,0.3997386
-1.503172935,-1.6826193
-0.272154008,0.51057404
0.008822918,0.042946756
-1.120484394,-0.6378484
-2.074318007,-1.5707924
-0.7021856040000001,-0.18611228
0.607157733,0.23475498
-0.573610547,-0.38632387
0.8027627829999999,0.40389043
-1.259489664,-1.3609877
0.861779838,0.6425689
0.170972345,-0.027403116
0.446698097,0.27475446
-1.624428478,-0.9715433
-2.9307666460000004,-2.7895463
-0.056144522999999995,-0.28613478
-1.560700658,-0.9739462
-1.040647035,-1.1747489
-1.861507512,-1.5011772
0.41702917,-0.081637084
-0.313049974,0.10569507
0.22612537300000002,0.70596033
-0.531587618,0.006084144
-1.301436029,-0.92568856
-1.196385858,-0.73499966
0.76450389,0.8217681
-0.672687728,-0.99617094
0.199687267,-0.009901941
-0.279951755,-0.14563054
0.62587834,0.67598706
-1.6860577419999998,-1.6591429
1.332118919,1.0422165
0.052490472999999996,0.41067094
0.568791653,0.76814777
-0.8131937490000001,-0.34004366
0.12453659800000001,0.2667145
0.128857544,0.61859554
-0.511391002,-0.1643104
0.010803516,0.37532967
-0.154503372,0.36025983
-1.588661778,-1.530541
0.4694777,0.6711258
-0.6108308729999999,-0.15746051
-0.728360793,-0.383462
0.19003669199999998,-0.19107628
-0.651409644,0.11256629
0.512359829,0.88538283
-0.033961057999999995,0.18683594
0.682031464,0.58550376
0.49588364,0.82985336
1.378184677,1.2122073
-2.2179391809999998,-2.0920699
0.297964401,-0.07230735
0.273022642,0.41808444
0.739487555,0.71010107
1.294290964,0.9273569
-0.34398012,0.4272328
0.55619397,0.9638923
-0.805155232,-0.25726902
-0.74705416,-1.2085323
-0.9327388040000001,-1.0622139
-0.391498678,0.3599102
1.242843482,1.093863
0.10280278,0.64255434
0.975200134,0.7227389
0.227889548,0.62235624
-0.68131055,-0.15631455
0.041924427,0.49386662
0.9135258509999999,0.6407681
-0.569187796,-0.032801628
1.190328647,1.2644897
0.568668511,0.32065278
0.741025678,0.9281251
-0.995472072,-0.97028226
-0.12353115699999999,-0.14665794
0.807642987,0.95008284
0.10625615199999999,0.5313044
0.192928409,0.6530245
0.927169042,0.6269297
-0.6715144359999999,-0.32859373
-0.175849361,0.35333258
-0.313013937,0.17362458
-0.33497658199999997,-0.38217568
0.8115163259999999,0.9275376
1.120176184,0.98950833
0.162554017,0.2858414
-0.315435136,0.34516007
-0.301448697,0.5410871
1.467665465,0.8324408
0.192212964,-0.10721946
0.267636798,0.47734112
-0.107896459,0.77949077
0.19555564399999997,0.11797494
-0.274797382,0.19996828
0.17873449100000002,0.32809812
0.988936316,0.959063
-2.301071222,-1.81909
-3.352438391,-3.3074877
-0.100216569,0.76939374
-0.634987162,-0.7510987
-2.106774417,-1.8653457
0.846838357,0.42693192
-0.23476626899999997,0.24273902
-0.41736942299999996,-1.1504643
-1.6921334419999998,-2.0029013
0.176314672,0.59171003
-0.306367214,0.033840597
-0.21673827899999998,-0.44250453
1.090944394,0.99828607
-1.6253273830000001,-1.7921727
-1.535457991,-1.6719809
-1.578212728,-1.5844378
0.7760117540000001,0.5235953
-1.7087660130000002,-1.3848469
-0.930922754,-0.6509984
-1.686775305,-1.8252625
-1.296292486,-1.2929679
-0.8222037329999999,-1.0353945
-0.8425960220000001,-0.33393484
-1.100204889,-1.0787129
-1.428491792,-1.8501496
-1.319758406,-1.4458866
-1.209490537,-1.4159884
-1.971193545,-1.9963555
-1.568775143,-1.4377382
-0.669447346,-0.92710686
-1.320507075,-0.9391028
-1.6346976309999999,-1.7238404
-1.480371295,-1.6812472
-1.1718920290000001,-1.1037946
-1.1911743,-1.3603867
1.436503439,0.8990784
-3.66836041,-2.7701077
-1.297943747,-1.4647815
-1.762893539,-1.8261206
-2.528077874,-2.032029
0.383873629,-0.041553736
-1.678689313,-1.6151836
-1.471790116,-1.1987218
-0.8072927679999999,-0.8647735
-1.685742685,-1.5927944
-1.8512366869999999,-1.6542808
-1.942803646,-1.6989353
-2.31601951,-2.0994277
-1.1969034,-1.5696546
-1.13804086,-0.77109367
0.39116838200000004,0.40465194
-1.1604991040000001,-1.3304586
0.20094261100000002,-0.18165922
-0.8685443429999999,-0.62225974
-1.255286383,-1.0619742
-0.307056769,-0.28850865
-0.986645931,-0.6867519
-0.268395178,-0.8189652
-1.54428469,-1.4989835
-1.31374463,-1.3897284
-0.024836284,-0.408356
-1.715521981,-0.9069476
-2.150387868,-2.501491
-2.563457657,-2.7277048
-1.506979633,-1.5927925
-2.081851819,-2.2502317
-1.085751491,-0.788941
-0.733407447,-0.78100204
-1.3846467409999998,-0.89902574
-3.229761439,-2.6266627
-2.057801801,-2.1317744
-1.3506292930000001,-1.5807806
-1.5519407509999998,-1.183653
-1.239472659,-1.9453307
-0.726834636,-1.2770116
-1.1172507729999999,-1.0578585
-1.217509269,-1.5614824
-3.2139094260000003,-2.959445
-2.071544877,-1.7827003
-2.217146149,-2.5816164
-2.7073776489999997,-2.68567
-2.279783534,-2.4476323
-1.5546151080000001,-1.6907039
-1.659576072,-1.0513873
-1.61389372,-1.9423993
-2.853298148,-2.7417586
-1.364178596,-1.6116306
-2.2185845630000003,-2.494226
-1.130131848,-0.5484326
-1.877337905,-1.756364
-2.368856329,-2.2149026
-1.012834903,-0.83658254
-1.436555618,-1.7176993
-1.789432346,-2.1529808
-1.603581736,-1.8039591
-0.14745839300000002,0.10803121
-1.077611573,-0.25958037
-0.8393844009999999,-0.5616951
0.055211105,0.37785035
0.485115124,0.32582265
-0.975162943,-0.83420724
0.278434963,0.16227144
-1.773906294,-1.6318687
-1.251990702,-1.521792
-0.46928937200000004,-1.4003583
0.29292368,0.7373645
-0.315866135,-0.29669642
-1.3825360580000001,-1.6589937
-1.320423367,-0.98081964
-1.2708606390000001,-1.704412
-0.9339567390000001,-1.4191875
-2.158359899,-2.759925
-1.561510027,-1.2854011
-1.2658349,-1.6714823
-2.152497167,-2.0206153
-0.15003615,-0.084343016
-1.27451227,-1.3897334
-2.471668157,-2.7336917
-0.9059800259999999,-0.8431934
-0.660358016,-0.7777989
-0.14555091,-0.017319024
-0.522167305,-0.83355784
-1.4273915130000001,-1.3729242
-1.8170040180000002,-1.4230497
-1.4294872859999999,-1.8444695
-1.171332861,-1.707052
-1.194476673,-0.8160334
-1.045067123,-0.9866224
-2.01721308,-2.05283
-2.524451353,-2.7819185
-2.7236590769999998,-2.407665
-2.500835952,-2.528534
-2.654973598,-2.5492153
-2.149327999,-2.25694
-1.964240942,-1.7728069
-0.739408733,-0.6988827
-0.588322995,-0.116084635
-0.7978849379999999,-1.2141103
-1.6426108430000002,-1.6254115
-3.3519559830000003,-3.1904101
-2.7834392219999997,-2.30029
-2.273443711,-2.670258
-1.436563785,-2.224661
-1.31066947,-1.4114759
-0.947514257,-1.2039526
-1.5327021969999999,-2.1598763
-2.268261039,-1.9686604
-2.423958975,-2.4913008
-1.220816365,-1.5948803
-1.545941286,-1.8885219
-3.252689925,-3.0862293
-2.175943391,-2.026311
-2.0967041269999998,-1.9190612
-2.301775706,-2.6035118
-1.260459089,-1.6504521
-2.224202112,-1.642868
-1.188691585,-1.8364278
-1.74357223,-0.9916118
-2.398856992,-2.3404043
-1.976942795,-2.25801
-1.540664434,-2.222255
-3.2651574639999996,-2.8094027
-2.0385911119999998,-1.7500038
-2.20915345,-2.2960854
-1.8340873619999998,-1.1929166
-0.632470619,-0.5120219
-0.9294518209999999,-0.73887634
-0.554195149,-0.25264138
-2.342190435,-2.6786044
0.21183849800000001,-0.34434325
-1.4688354469999998,-1.5222964
-1.308811409,-1.1744423
-2.195230618,-1.6910048
-0.832042878,-1.0195107
-2.4660195209999998,-2.3423042
-1.6458634490000001,-1.2760999
-1.4338142230000002,-2.3119726
-2.081898765,-2.1276193
-1.845326239,-1.9457102
-1.989715956,-1.9841878
-2.5159622059999998,-2.3170526
-2.387704029,-2.3606768
-2.6292398269999997,-2.657063
-1.8777979759999999,-1.7400359
-2.249575147,-2.1191082
-2.56608741,-2.953474
-2.754823687,-2.7056901
-1.746873455,-1.9508715
-2.76705717,-2.918572
-0.135336551,-0.9414845
-2.290895211,-2.568459
-1.61345839,-1.3297995
-2.63413666,-2.2394092
-1.56567436,-1.462451
-0.528836259,-0.7461484
-2.239869305,-3.1185699
-0.565012179,-0.098552465
-1.852132264,-2.1842046
-2.18070991,-2.5642915
-0.9616645429999999,-1.0161815
0.573210593,0.93315524
-1.9428479440000002,-1.935178
-0.91332221,-0.9122145
-2.4006248219999997,-2.012988
-1.376693965,-1.3102874
-1.842262569,-1.7047145
-1.39689237,-1.6105165
-0.554561822,-0.5249422
-2.578698123,-3.2190783
0.004845971,-0.21349078
-2.1018642069999998,-2.2171943
-2.060765765,-2.5813923
-1.3658252690000001,-1.4314528
-1.38205048,-1.031419
-0.841382898,-1.1468096
-2.9118219119999997,-2.5591097
-2.483672957,-2.1104767
-1.560953864,-1.5109403
-0.115975286,-0.31200522
-0.396491431,-0.40461165
0.145801428,-0.12178975
-1.849974037,-2.1885915
-0.092494139,0.33483428
-0.9870458440000001,-1.258771
-0.938611338,-0.4488327
-0.712406469,-0.9804704
-1.319814571,-0.8055112
-1.215729655,-1.1991897
-2.665929152,-2.040738
-1.8880944730000002,-1.8180611
-2.955537104,-2.302715
-1.243428618,-1.3587755
-0.739039881,-0.82287496
-1.494777161,-1.4459021
-1.413449161,-1.6092347
-1.671130915,-1.366061
-1.093147648,-1.6638894
-0.526481968,-0.3218673
-2.224234664,-2.408234
-2.270804192,-1.4477141
-1.7872453469999998,-1.1466343
0.966852238,0.9171961
0.944228368,0.8585411
-0.36245689600000003,0.07296735
-2.008061222,-2.2329192
-2.612573884,-2.2810183
-0.699655758,-1.2915119
-1.866238347,-1.4238362
-0.260550387,-0.5304811
-0.699703008,-1.0759671
0.47479175799999995,0.38331693
0.120219521,0.49759132
-1.7656220630000001,-1.9243963
-0.908395465,-1.0476911
-1.1121191,-1.4512136
-0.129388122,0.108223975
-0.43628481700000005,-0.02060461
-2.7936988030000003,-3.2729075
-1.532197091,-1.0894073
-0.474787405,-1.1210995
-1.583809005,-1.9462339
-1.1559763779999999,-1.1089265
-0.118755341,0.018480837
-3.16421232,-2.6937454
-0.817092833,-1.8324417
-1.499107861,-1.1957271
-1.16090423,-0.4777612
-2.337213633,-1.3036802
-2.577482006,-2.2866442
-2.743860438,-2.8925123
-0.860671205,-1.4961829
-1.9089882919999999,-2.0700302
-3.320428525,-3.1652224
-1.5597784940000001,-2.0456846
-1.286254435,-1.5664213
-0.641284526,-0.65205383
0.281559715,-0.28508663
-1.655468725,-1.4311229
-1.039734313,-0.9346216
-1.320275767,-1.494848
-1.212478027,-0.9474524
-2.641667307,-2.9395134
-0.799008211,-1.2807308
-1.4872966,-2.1374464
-1.25140093,-1.4898825
0.079093893,-0.5030495
-1.304138548,-1.237683
-0.502556048,-0.64253294
-1.101336442,-0.728016
-0.295551613,-0.5712201
-1.369069343,-1.2039065
-0.67755485,-1.306898
0.06914782,-0.04464811
-0.73580158,-0.55894315
-2.18172358,-2.0660474
-0.615923701,-0.69935906
-1.0129139,-0.9926002
-0.48646382299999996,-0.72117364
-0.9090471640000001,-1.2011836
-0.8999508079999999,-0.8354446
-0.522537934,-0.7930589
-0.313097629,-0.13854969
-1.009308845,-0.8514675
-0.555041377,-0.58558047
-1.8725131119999998,-1.9677861
-0.8574027540000001,-0.66867435
0.071064667,0.16120726
0.5664804929999999,0.72561234
-2.950134962,-2.9679458
-1.737087807,-1.8739651
-0.8403729129999999,-0.87882835
-1.040422903,-0.89526165
-1.789305774,-2.1548352
-1.8258206019999998,-1.8680344
-1.2546485809999999,-0.65045214
-1.14153601,-0.9985215
-0.510812498,-1.1395606
-0.104264817,-0.13068455
-1.074707578,-1.4655678
-0.200083077,-0.50068176
-1.8843523119999999,-1.3399627
0.544241454,0.06782395
-1.7118124730000002,-1.8612468
-1.052467727,-0.96737504
-1.594132675,-1.5259502
-2.536215683,-2.377576
-1.203183046,-0.9910212
-2.2690671630000003,-2.3301542
-2.601497993,-2.496458
-1.133677933,-0.8123865
-1.392789957,-0.6162149
-1.7976813440000001,-1.8476253
-2.709285623,-2.398842
0.049295932,-0.3412611
-2.314187741,-2.2761588
-2.64902363,-2.535039
-1.7803047969999999,-1.6452501
-0.536029213,-0.5154129
-1.3245513279999999,-1.0829663
-0.136892383,-0.6028415
0.25546054100000004,0.109580696
-1.1989280709999999,-1.9150851
1.289275816,0.85613936
-0.911057055,-0.88345844
-2.360009235,-2.888122
0.37558740399999996,0.27543086
-0.698302533,-0.10331619
-1.6071607,-2.1980667
-0.7278850570000001,-0.6350172
-1.5515263940000001,-1.4681585
-1.298340818,-1.4998848
-0.365093118,-0.11165416
-1.9019194369999999,-2.4999418
-3.101971906,-3.0307012
-2.246007796,-2.074622
-2.187431065,-2.716528
-2.882630345,-2.696483
-2.54349878,-2.1379309
-1.9447046730000002,-2.1772943
-2.3482311719999998,-2.6971242
-2.760374038,-2.9366064
-3.415781255,-2.886831
-1.832601247,-1.4335077
-1.121301841,-1.9392173
-1.942116474,-1.8653152
-2.068389326,-2.964551
-3.0520812569999998,-2.6365736
-2.816911847,-2.8746245
-2.017839895,-2.187526
-1.84306115,-2.258118
-3.236543305,-3.0802834
-3.309177688,-3.0354815
-2.422319978,-2.3063338
-3.25298965,-2.838409
-2.341073206,-2.7457194
-1.6386440930000001,-1.9491373
-2.327443133,-2.2523186
-2.518638411,-2.7490149
-2.373624272,-2.6793542
-1.676793243,-1.8976905
-2.1137726619999997,-0.7807035
-1.876345467,-1.417481
-2.80187364,-2.907517
-2.5151439140000003,-2.8046327
-2.383689042,-2.5602074
-1.076314585,-1.7198327
-3.4638807689999997,-2.9925983
-2.3085463969999998,-2.6891153
-1.6604787730000001,-2.3943763
-1.19023444,-1.4603047
-1.461231114,-1.89169
-1.168033005,-1.372562
-2.217568481,-2.0306113
-1.215503634,-1.5696211
-2.183355813,-2.4174736
-2.618078358,-3.040107
-1.0819110159999998,-1.3474678
-2.500023894,-2.4467309
-1.370184186,-1.7491522
-1.666339889,-1.9996984
-1.625672262,-1.6333928
-2.5263536280000003,-2.4678764
-2.7644404369999998,-2.2342308
-2.116463269,-1.7511137
-2.254569968,-2.8899953
-2.7360072989999997,-2.6136413
-2.7577377469999997,-2.8265722
-1.713551786,-1.9415593
-1.755899818,-2.1003263
-2.556878206,-3.0976598
-2.5411241209999997,-2.8643188
-1.429361395,-1.3735034
-2.162795917,-2.3512747
-1.716466096,-1.935031
-1.6178738469999998,-2.142188
-2.8149618810000003,-3.120926
-0.611789473,-0.96768624
-3.335810315,-3.4980347
-1.769661427,-2.441483
-2.2116362290000002,-2.511769
-2.9375194639999997,-2.7498696
-3.2762380110000002,-3.2062924
-2.385984476,-2.829957
-1.172236203,-1.38303
-2.953939103,-3.0010908
-2.407964427,-2.2880867
-3.636833783,-2.9258895
-1.16733657,-1.6085441
-2.2811960019999997,-2.3257463
-1.119710491,-1.2033502
-2.463242714,-2.524809
-2.0501231730000002,-2.8911934
-1.2667610459999998,-1.8770931
-1.759131575,-2.5203876
-2.862763453,-2.5176997
0.004187281,-0.8961346
-1.770700571,-1.9851742
-1.147913854,-1.9875815
-2.66580066,-2.6806343
-2.552533902,-1.9110116
-2.497270881,-2.9492238
-2.7193959039999998,-2.914983
-2.519764895,-2.709756
-1.9886157830000002,-1.7152306
-1.76392627,-2.573992
-1.179981502,-1.4422556
-2.7932133919999997,-2.7174037
-1.696484052,-2.2950773
-3.6399355539999996,-3.5631437
-3.64289216,-3.4535007
-2.278462418,-2.5480027
-1.81048116,-2.4602008
-1.803128658,-2.5689995
-1.852586129,-2.62778
-2.37252525,-2.1789296
-2.755436885,-3.0282578
-2.58066491,-2.6605656
-2.908671185,-2.6503184
-2.177340304,-2.4149356
-0.675484106,-0.10683137
0.603083106,0.5965087
-0.511090666,-0.31728536
0.213840367,0.4998929
0.845298282,0.4265073
0.21322572399999998,0.06842524
-0.567859467,-1.3433229
-1.657961295,-1.6110593
-3.038175323,-3.3376899
-0.20350797899999998,0.076022446
0.800924596,0.5435011
0.940750978,0.7967016
-1.989870433,-2.1324728
-0.149306425,0.090269744
-0.584273721,-0.24327058
0.35870375600000004,0.5288139
1.177972616,0.97881895
-0.680406408,0.15384048
-2.467111578,-2.5616634
-2.115730196,-2.317017
-0.6239427329999999,-0.09864229
0.7944078590000001,0.8465064
0.16848627300000002,0.20581609
-0.63975029,-0.17506886
-0.6552987029999999,-0.33351725
0.9360828309999999,0.75356656
-0.6034420770000001,0.063016474
-3.1016425460000003,-3.228518
1.052183905,0.68772405
0.183285383,0.4422558
-0.533508899,-0.2497186
-2.836400575,-2.8905327
-1.561415394,-2.247515
-2.913001967,-3.0379636
-2.31050877,-2.461822
-2.41721102,-3.037518
-3.53942996,-3.393074
-1.455174094,-1.8025312
0.393651401,0.11462408
0.247436299,0.5316376
-1.902984077,-1.9683781
-1.374108359,-1.96785
-0.601601499,-0.67975736
-2.403804934,-2.4194915
-2.846766899,-2.7332265
-2.978524086,-3.1082468
-2.6915303839999996,-2.4636927
-2.493544356,-2.7031605
-1.78905053,-2.5284326
-2.785488375,-2.9478989
-1.883648915,-1.9867766
-1.5035054719999998,-1.872155
-2.793147802,-2.870352
-2.476984216,-2.3100617
-1.2616519959999999,-1.9101677
-2.194383485,-2.7943456
-0.0800949,0.05401808
-1.697271948,-2.4739432
-1.495246562,-1.6013942
-2.247699737,-1.834976
-0.483464856,-0.58710474
0.853612643,0.7106858
-1.4127050719999998,-2.0534787
0.398470929,-0.010523558
-0.959596062,-0.503101
-0.238184595,-0.38662255
-2.538234476,-2.4930496
-2.496833038,-2.7772853
-1.895443508,-1.7925944
0.831305373,0.76648134
-1.2918937640000001,-1.685518
0.06665353,0.3007117
-0.784494976,-0.33300054
-0.529575682,-0.30554205
-1.643398074,-1.4869728
-1.0005281959999999,-0.54702926
-1.2834048740000001,-1.653856
-0.412664873,-0.6795721
-2.355404131,-1.8719757
1.078380806,0.7748297
0.473172404,0.3320412
-1.052631917,-1.116172
0.60625712,0.25738376
0.552231143,0.607974
0.8872512859999999,1.1335356
0.356843257,-0.72149646
-0.715306862,-0.9105291
-2.2739497319999997,-1.920294
-0.583532619,-0.062625706
-0.408106535,-0.16623622
0.339971588,0.56793743
-0.41973150299999995,-0.17065448
-0.081595481,-0.25417322
-0.519230627,-0.528211
-0.8032629729999999,-0.5914562
-3.431114154,-3.3244412
-0.144546229,-0.11603403
1.0881570729999999,0.9498717
-0.19506093,0.44448012
0.089047105,0.43385524
-0.018214118,-0.26199037
-0.292949238,-0.16802251
0.56670268,0.4968447
0.288768108,0.016325653
0.588440804,0.43566114
-1.253895746,-0.49576852
-0.539312321,-0.21742213
0.251353117,0.44555634
-0.30538342,-0.82144296
-0.9239256640000001,-0.60638607
-0.14977384900000001,0.30782086
-0.092406451,0.49506956
0.909419695,0.55513173
0.5920796620000001,0.28526765
1.316493176,0.7797627
-0.340544236,-0.97485894
0.605469731,0.70432645
0.493708415,0.30144483
-0.799487257,-0.20036244
-1.11705484,-0.3544283
-1.097408615,-0.44156748
0.971212194,0.76450795
0.236548777,0.18322438
-1.3824556669999999,-1.023883
-0.5161723229999999,-0.13018179
0.137951681,0.34941643
-0.465871169,-0.039366543
-0.093418296,-0.41729748
0.44053301799999994,0.49747223
-0.41597369,-0.40905613
0.164178505,0.37846547
-0.249112213,-0.14071208
-0.12234291900000001,-0.08815724
-1.037523038,-0.45118386
0.020153195,0.32737702
-0.22743055899999998,-0.3221305
0.983627013,0.876177
0.006880764,0.27434045
-0.44793970200000005,-1.0592533
0.661885697,0.71969455
-0.334656174,-0.27713048
0.381140286,-0.043283403
-0.349618621,-0.21237797
-0.35889912700000004,-0.49124756
-0.816671838,-0.88317096
0.029162242999999997,-0.2846293
-0.0032605240000000003,-0.109250605
-0.726209978,-0.6689279
1.008282891,0.784162
-1.435921134,-1.1575572
0.33918707299999995,0.28553015
0.7373834979999999,0.7783362
-1.3125722640000002,-1.1837354
0.369249027,0.40431815
-0.23912037100000003,-0.1699968
0.711158299,0.43634504
-0.253503254,-0.3732019
1.12429464,0.65591353
-0.940741963,-0.52272415
-0.881503978,-0.36640167
-0.777331928,-0.40607285
-1.257712963,-0.8084568
-0.237038257,-0.32402545
-0.78202723,-0.4003654
0.126890027,-0.20229447
0.139892877,0.33322126
0.493526931,0.42520946
-0.800782387,0.124767244
0.073434314,0.19819516
0.987861812,-0.665432
0.304712221,0.15338248
0.14441463400000001,-0.13008624
0.221019708,0.6334849
0.847763908,0.41619545
0.898551622,0.76474375
-0.116008005,0.009239793
0.307226901,0.49992162
0.233823812,0.38495773
0.555416606,0.33853573
0.573393122,0.65801305
-0.315092518,0.20798904
-0.274810389,0.25986797
0.551066288,0.5254417
-0.776042454,-0.6152297
1.065174212,0.6461895
0.292194255,0.054886162
0.11899517400000001,-0.07510835
-0.296560369,0.42756182
0.34502973,0.3118332
0.40527521200000005,0.72977227
0.25506381,0.334858
0.594855871,0.42637008
0.6661157679999999,0.639376
0.36104051,0.4614311
0.107541264,0.24901956
0.144573631,0.4060902
-3.008131033,-2.3078177
-0.45504457200000004,-0.3759362
-2.101678771,-1.953208
-0.755870093,-0.22585177
-1.9176847209999999,-1.7575717
-1.710588021,-1.876358
-2.084662291,-2.077895
-1.2746464309999999,-1.0441918
-0.92631875,-1.4198167
-0.659302511,-0.8261476
0.24416459899999998,0.23890668
-0.434453496,-0.61531425
-0.39146418899999996,0.033272088
-1.585192655,-1.1832235
-3.0421357810000003,-3.1878936
-1.38298969,-2.0163858
-1.230297184,-1.1026597
-0.417731288,0.129991
0.277173161,0.16556126
-2.041095297,-1.0709268
-1.006358141,-0.50205934
-0.274541107,-0.056026697
-0.432677528,-0.35888064
-0.060860764000000005,-0.2824797
-0.674418726,-1.27579
-1.503307098,-2.28463
-1.9011605930000002,-1.4988803
-3.1820929889999996,-2.8894126
-1.396125621,-1.0479821
-1.985606983,-2.37028
-1.829778572,-1.8384
0.041329904,-0.55723476
-2.57511146,-2.0141091
-2.008490859,-1.5832288
-0.829202648,-1.6716399
-0.9878633729999999,-1.3631536
-0.7692072529999999,-1.7782544
-2.6169351130000003,-2.5929308
-3.041761967,-2.7795937
-3.477841745,-3.2605314
-1.45565771,-1.0941454
-2.708607461,-2.5427709
-2.047853485,-1.5811825
-2.129102586,-1.8991818
-0.655743139,-1.0342864
-1.9659852290000002,-2.2263007
-2.0151774469999997,-2.2845716
-0.7644659420000001,-0.4945177
-1.7276296340000001,-1.71826
-1.753390777,-2.1710727
-2.616035353,-3.0680585
-1.842191006,-1.6439209
-2.0127335669999997,-2.347553
-2.012211289,-2.1701648
-3.343134014,-3.0873759
-0.533714791,-0.39773905
-2.039424097,-1.8651879
-2.030086654,-1.691434
-2.016611105,-2.2624218
-2.711545035,-2.875342
-2.675252681,-2.7308655
-2.901986777,-2.426594
-2.601069636,-2.466621
-0.37562874700000004,-0.585003
-1.1141250790000001,-1.3994462
-1.5214628559999999,-1.5396876
-2.457391864,-2.6010067
-2.822005817,-2.286284
-1.2643223940000001,-1.8148015
-1.798356059,-1.494092
-2.051922169,-2.5534534
-3.223443968,-3.0334249
-3.191054044,-2.975406
-3.473291694,-3.555769
-0.780457475,-0.8569782
-1.619339458,-2.2100847
-1.199124971,-1.3749347
-0.82739846,-1.2327799
-2.949987825,-3.3297682
-1.68271827,-1.6218762
-1.029886829,-1.4128081
-1.38178624,-1.0007778
-1.691501234,-1.7893674
0.8409999359999999,0.5350235
-3.1433874019999997,-2.8382707
-3.1206427089999997,-3.0598822
-0.072256895,-0.124471664
0.224556859,0.551627
-1.202415911,-0.80835104
-0.757147963,-0.96210605
-1.199019979,-0.90153134
-0.78404479,-0.69401443
-0.28101074600000003,-0.15808445
-0.70142277,-0.9296151
-1.440498588,-1.5807655
-0.610296731,-1.2973568
-0.500558945,-0.124676704
-0.7494882390000001,-0.9244748
0.698203708,0.2941404
-0.621558611,-0.3146959
-0.69788138,-0.5219023
-0.57848221,-0.37349808
-0.492697273,-0.62346065
-1.345053241,-0.97512895
-0.41617360200000003,-0.25932485
-1.451268384,-0.5997014
-0.571787383,-0.88060814
-0.296045795,-0.48253486
-0.944329891,-1.679472
-0.230734605,-0.6226177
-0.722555848,-1.0840993
-1.392464649,-1.9132396
-1.3093218290000002,-1.2746333
-0.638945148,-1.2143507
-1.7957734330000001,-1.4504395
-2.5161788130000002,-2.1223702
-1.066312659,-1.0104805
-0.52620371,-0.22128451
-0.332729519,-0.3223108
-0.203188101,0.14610356
-0.671214268,-1.0129688
-0.069266933,-1.179644
-0.36197749799999995,-1.0334258
-1.087621777,-1.171009
-0.669352415,-1.2298088
-1.40300932,-1.8612561
-0.529921906,-1.217046
-1.19295363,-1.3648565
-1.738855026,-0.89872396
-1.07681492,-0.61952984
0.171158967,-0.29917324
-2.362704181,-2.3485272
-1.8675749330000002,-1.5308983
-1.487493776,-1.11821
0.823503573,0.42768723
0.32007246,-0.19581568
-0.5767517010000001,-0.4123624
-0.231138452,-0.53702146
-0.124091083,-0.5527016
-0.673725777,-0.92703813
-1.2699998890000002,-1.8389916
-0.578084929,-1.5134783
-0.769484375,-0.7349755
-1.768397921,-1.8253901
-1.6522364630000002,-1.4324515
-1.43205884,-1.8774993
-0.35932853299999995,-1.28777
-1.2036360179999999,-1.4669731
-0.448541391,-0.37492388
-0.7695529529999999,-1.2186303
-1.4118837030000002,-2.0577483
-2.556269816,-2.5134134
-1.53032668,-1.373275
-1.524661276,-1.5792463
-1.192042786,-1.491111
-2.169250566,-2.3478692
-1.377255484,-0.5100349
-1.461907733,-1.5087512
-0.64619549,-1.1810851
-0.22357072100000003,-0.29255414
-0.871826488,-0.73377955
0.38760704799999995,0.73232
-0.28903163,-0.6214963
-1.8371651569999998,-1.9016446
0.276671488,0.5627132
-1.580279588,-0.5198082
-0.288221027,0.026771843
-1.397628284,-1.0150342
-0.8173931440000001,-0.86742437
-1.763012421,-1.4289142
-0.253213709,-0.0034174323
-0.636261431,-0.83535576
-1.36136559,-1.2775917
-0.40006892299999997,-1.1058413
-0.116506835,-0.9165353
-1.480295605,-1.0963697
-1.131979892,-1.2141023
-1.672774582,-1.16502
-0.833513087,-0.3766718
-0.559436168,-0.326401
-0.565150113,-0.37234747
-1.1875823540000001,-1.3970329
-1.68110811,-1.0934806
-0.296345608,-0.6740726
-0.654343204,-0.4528938
-0.176114981,-0.12645906
-0.02829402,0.350823
-0.527737284,-0.39516127
-0.389981467,-0.036164403
-1.349666915,-1.8297539
-0.5806449539999999,0.09477085
-1.7681307819999998,-1.0098665
-1.008496236,-0.87861615
-1.1723039579999999,-1.1870695
-0.159325458,-0.13297075
-0.12409293199999999,-0.10371888
-0.258175247,-0.49850762
-0.12918164199999999,-0.07445943
-0.521839701,-0.022279263
-0.351625969,-0.32716298
-0.36873046,-0.17729878
-0.9741506759999999,-0.49864152
-0.133873217,0.54280573
0.561113556,-0.17029387
0.027568232999999998,-0.043604553
-1.5872154330000001,-0.8201133
-1.1999571820000001,-1.2416787
-0.556143721,-0.6285231
-1.173475813,-1.1484606
-2.306659296,-2.1759017
-2.4214142880000002,-2.6939597
0.48415377600000004,0.5793496
-0.5637588570000001,-0.5081264
-0.629101667,-0.5836661
-0.624756286,-1.444991
-0.9748904340000001,-0.88956136
-1.059070623,-1.2298784
-0.788881163,-0.7374028
-0.159054045,-0.14758009
-0.49523321600000003,-0.64894354
-0.780167849,-0.51938236
-0.9305113420000001,-0.691335
-0.96427267,-0.69590545
0.501851747,0.33222765
-1.6393535830000001,-0.9855888
-0.9654690309999999,-1.3842579
-0.26715871199999996,-0.6308745
-2.363743905,-1.4049301
-1.5423145269999998,-1.3637235
-1.650243264,-1.2195923
-0.983660168,-0.73091376
-0.511124158,-0.34591573
-1.733871706,-1.654733
0.164394991,-0.43397635
-0.654382262,-0.62041533
0.342018224,-0.24542773
-0.109608482,-0.032687902
-0.36029382600000004,-0.21546584
-0.647403626,-0.8722835
-0.21279072100000002,-0.82068956
0.33573749,-0.2106852
0.434447474,-0.2845202
-0.9215528690000001,-0.90100247
-1.2931679,-0.73170334
-1.00850791,-0.9432398
-0.620368143,-0.90175843
-0.44878083399999996,-0.6680667
-2.076771965,-1.8731921
-1.303200077,-1.2969142
-0.5070222870000001,-0.3873834
-0.824196587,-0.9314422
-1.679017079,-1.7256451
-0.51751712,-0.19796258
0.558974921,-0.089048386
-1.134066623,-0.81689155
-1.501889929,-1.7063005
-1.012393435,-0.9127004
-0.049400525,-0.4753626
-0.32165293,-0.4105621
-0.739089228,-1.220264
0.145040213,0.470393
-0.6978402220000001,-0.78015584
0.125885031,0.00022810698
-1.1700536670000001,-1.2486966
0.050397486,-0.43194938
-1.41812905,-1.3101223
-1.7006187640000001,-1.7293537
-0.938620675,-0.9367937
-1.646760068,-1.1910969
-0.5894011339999999,-0.013474762
0.079328186,-0.5834708
-0.416301583,-0.07557851
-0.61894531,-0.84352976
-0.610173609,-0.36654437
-0.698774597,-1.0770445
-0.600053432,-0.4208182
-0.605236051,-1.2852634
-0.279422042,-0.7102674
-0.442098974,-0.40543693
-0.250211342,-1.2412701
-1.02023057,-1.8583267
-1.979186805,-1.3386427
-1.383705397,-1.5135336
-0.219401793,-0.37246352
-1.154026871,-1.1795404
-1.3763221980000002,-1.6204269
-1.955010427,-1.9820256
-0.613595584,-0.60548544
-1.2699270059999999,-1.3871882
-0.72505481,-0.9127182
-1.494802524,-1.7036047
-2.253427614,-1.668096
-1.628925901,-1.6479254
-1.220072399,-1.151772
-1.615115569,-1.9200357
-1.171994378,-1.7692618
-2.8852806,-1.9793363
-0.7601448909999999,-0.5616772
-0.025405297,0.06440514
-1.317047987,-1.5589688
-0.332445996,-0.481194
-1.5335201059999999,-1.3173239
-0.649769815,-0.78733844
-1.244948811,-1.4109223
-0.870159846,-0.49981144
0.04682205,-0.37128597
-0.00392285,0.3620953
-0.9778154170000001,-1.1011269
-1.159264533,-0.73427284
-1.154604142,-1.3283582
-1.960115381,-2.1032972
0.123510589,0.38397747
0.5305142820000001,0.47497922
0.430458655,0.755161
-0.461795522,-0.75292146
-1.040140364,-0.6905468
-1.028244259,-0.59328294
-0.320310459,0.06138736
-0.7428356540000001,-1.2161155
-1.161769606,-1.467416
-1.4883725819999998,-1.5432487
-1.543063106,-1.5168595
-2.500101134,-2.088688
-0.9197327240000001,-1.4586166
-1.4766612140000002,-1.3609624
-1.8978654469999998,-1.4428062
-1.3623320380000001,-1.1936461
0.54748652,0.34585327
-0.135174835,0.27576047
-0.662825727,-0.7129868
-0.66377888,-0.23166507
-0.869539752,-0.7818218
-0.158521513,-0.73823833
0.652234999,-0.32379967
-0.11879421400000001,-0.7776567
-0.427376752,-0.3656367
-0.985785397,-0.7581162
-0.44632581,-0.99510473
-0.595841399,-1.0053018
-0.206749288,0.6938538
0.6309227789999999,0.10051304
-0.973742407,-0.62781197
-1.7686076569999998,-1.6874725
-1.180387718,-1.4407115
-1.2495314990000002,-1.4852502
0.600508917,0.7480914
0.700634685,0.89964265
1.27984618,1.0101469
-0.962189373,-0.7117281
-1.083530426,-0.7684301
-3.2232020980000002,-3.0532234
-0.19759880300000002,-0.097940564
-1.342369273,-0.5634464
0.16641750800000002,0.48413628
-0.067349413,0.054608166
-0.405085984,0.2577371
-0.572767569,0.23961538
-0.339629515,0.14072591
-0.188191513,0.30294007
0.478576257,0.28553456
0.21385432699999998,0.6513687
-0.170251333,-0.11265063
1.281422354,0.7811851
-0.44546144,-0.53899795
0.664597941,0.6042233
1.4443849519999998,1.1295133
-0.67345523,-0.25205088
0.639664825,0.7383496
0.73361431,0.51210886
0.19899776800000002,0.34429294
0.331813697,0.19411057
-0.231295405,0.03866285
0.598522751,0.22692138
-0.183862181,-0.19700646
0.304491108,0.6054314
-0.186014791,-0.4038902
-0.281015345,0.14817637
-0.26701251,0.021848142
0.46726408399999997,0.68725127
-0.354378564,-0.2566492
0.943020903,-0.33351064
-0.788321808,-0.76118505
-0.813542601,-1.1634747
-1.82115147,-2.010217
-1.8377609259999999,-2.2063088
-0.858525293,-1.0429443
-2.249781502,-1.7456114
-3.2860646289999997,-2.2084894
-0.604038414,-0.83156514
-0.033046431,0.14867085
-0.48559610700000005,-0.5547526
-2.053791606,-1.8731513
-1.291052921,-1.2287707
-0.42760112899999997,-0.39771003
-2.440718232,-2.246714
-1.360107173,-1.3280016
-0.030670606,-0.3293771
-2.255142197,-2.5352054
-0.801093115,-1.0068865
-1.581037089,-1.671911
-1.4383621480000002,-1.609014
-1.2815534020000001,-2.0649934
-2.133114882,-2.4717228
-1.766723874,-1.3127532
-0.9710273359999999,-0.9719384
-0.556713185,-0.65994817
-1.2002060270000001,-0.9832737
-3.31528229,-2.3176777
-1.471859295,-1.2657099
-2.2061304330000002,-2.2860825
-1.706167744,-1.591665
-1.059062701,-1.1359619
0.031372778,-0.49672124
0.136377219,0.08674389
-0.581430381,-0.5207436
-1.598382296,-1.4956679
0.20893682800000002,-0.6391151
-1.835393935,-1.3400671
0.005043864,-0.3421471
-0.45305162299999996,-0.21334958
0.090334665,-0.29115534
-0.522768858,-0.45744264
0.53558468,-0.1042344
-0.661596356,-0.20626956
0.008935664,-0.26140124
-1.216708721,-1.3879404
-0.258269554,-0.7564106
-1.177886917,-1.0653161
-1.243383855,-0.8568951
-0.656458538,-1.0049951
-0.125892568,-0.4548865
0.183676938,-0.011817992
-0.8281238540000001,-1.3944601
-1.208209756,-1.9378748
-0.400910655,-0.78608143
0.088763638,0.23849529
-0.003054017,0.3168741
0.596820123,0.5253748
0.142539774,-0.33106607
0.627643273,0.73258704
-1.190053049,-1.8961875
-2.68107788,-2.6411705
-2.321549629,-2.4213789
-2.578989066,-1.8814695
-2.0374664730000003,-1.6131544
-2.790745419,-2.6490853
-2.371111888,-2.4004812
-1.949838508,-2.125618
0.47845220899999996,0.3919297
0.021935307999999997,-0.07187635
-1.8138509040000002,-1.5699778
-1.4436670180000002,-1.4044763
-1.9999222669999999,-1.6299157
-1.221229701,-1.532197
-1.007687996,-1.3772997
-1.333100456,-1.2415987
-1.564267941,-1.6121826
-1.3053055470000001,-1.5830883
-3.263930896,-3.6253939
-1.6326342530000002,-1.1817613
-0.212349302,-0.7434711
-1.9333583019999998,-1.8813717
-2.4985013769999997,-2.6748335
-1.729508565,-2.1983416
-3.11097387,-3.0096793
-2.415178226,-2.8122115
-2.028694853,-1.8801036
-2.830075383,-2.8197145
-1.198192324,-1.7536438
-1.050635191,-1.1651869
-2.099604652,-1.3512034
-1.51834981,-2.1937332
-2.302414545,-3.1084604
-1.991155658,-2.1371233
-0.26127875,-1.0398806
-2.857489634,-2.7774527
-2.487055521,-2.8849936
-2.758743415,-3.1136258
-0.86241702,-1.0188321
-1.506474394,-2.2242677
-1.891061968,-2.287148
0.42625568799999997,0.5337848
-1.156798852,-1.819953
-1.7859843640000002,-1.7750096
0.309697434,0.44121295
-1.014886441,-0.86697227
-1.71147614,-1.1338154
-1.502453987,-1.9634912
-3.527563909,-3.025449
-1.865442606,-1.7551003
-2.158626155,-2.3178513
-1.871531787,-2.1282098
-0.5319518520000001,-0.859123
-0.967701693,-1.1060152
-1.0023406940000001,-1.3308027
-2.251709791,-2.2055826
0.09574508400000001,-0.5577519
-1.822256378,-1.6918011
-2.430305441,-2.6431825
-0.9804527140000001,-0.9420011
0.373124454,0.30814737
-2.169683991,-1.6914389
-1.6719304469999998,-1.9431381
-1.411310796,-1.7578255
-1.681544004,-2.0301385
-1.9617343180000002,-2.1343029
-1.055061636,-0.46898836
-0.250208993,-0.05876106
-1.7539961480000001,-1.8811522
-0.9492298220000001,-1.1749343
0.223365705,-0.36009252
-1.5649862630000002,-1.7130396
-2.128637056,-2.232967
-0.949682356,-0.17282557
-1.7524997,-1.468576
-2.434505315,-2.730988
-1.1617458809999999,-1.7940971
-1.67345497,-1.6535306
-2.033737526,-1.9363351
-0.894009394,-1.2917907
-2.000163711,-2.0822036
-0.123139093,-0.19759154
-1.3753448380000002,-0.97028583
0.026327432,-0.080182135
0.8511712240000001,0.93485993
0.566717326,0.47914726
1.029667868,0.87938577
0.12045764099999999,-0.30069596
0.747774563,0.45787102
1.196247777,0.75459224
1.7113898269999999,0.9145538
0.18947566899999999,0.18729895
-0.21527918100000001,-1.1219447
0.300778753,0.41520172
